<?xml version="1.0" encoding="UTF-8"?>
<project-private xmlns="http://www.netbeans.org/ns/project-private/1">
    <editor-bookmarks xmlns="http://www.netbeans.org/ns/editor-bookmarks/2" lastBookmarkId="0"/>
    <open-files xmlns="http://www.netbeans.org/ns/projectui-open-files/2">
        <group>
            <file>file:/C:/Users/beatr/OneDrive/Fotos%20cel/NetBeansProjects/Trabalho2/src/trabalho2/trabalho2.java</file>
            <file>file:/C:/Users/beatr/OneDrive/Fotos%20cel/NetBeansProjects/Trabalho2/src/trabalho2/Loja.java</file>
            <file>file:/C:/Users/beatr/OneDrive/Fotos%20cel/NetBeansProjects/Trabalho2/src/trabalho2/Pedido.java</file>
            <file>file:/C:/Users/beatr/OneDrive/Fotos%20cel/NetBeansProjects/Trabalho2/src/trabalho2/Funcionario.java</file>
            <file>file:/C:/Users/beatr/OneDrive/Fotos%20cel/NetBeansProjects/Trabalho2/src/trabalho2/InOut.java</file>
        </group>
    </open-files>
</project-private>
