<?xml version="1.0" encoding="UTF-8"?>
<project-private xmlns="http://www.netbeans.org/ns/project-private/1">
    <editor-bookmarks xmlns="http://www.netbeans.org/ns/editor-bookmarks/2" lastBookmarkId="0"/>
    <open-files xmlns="http://www.netbeans.org/ns/projectui-open-files/2">
        <group>
            <file>file:/C:/Users/beatr/OneDrive/Fotos%20cel/NetBeansProjects/Atividade01/src/atividade01/Oraculo.java</file>
            <file>file:/C:/Users/beatr/OneDrive/Fotos%20cel/NetBeansProjects/Atividade01/src/atividade01/Atividade01.java</file>
            <file>file:/C:/Users/beatr/OneDrive/Fotos%20cel/NetBeansProjects/Atividade01/src/atividade01/Guerreiro.java</file>
            <file>file:/C:/Users/beatr/OneDrive/Fotos%20cel/NetBeansProjects/Atividade01/src/atividade01/InOut.java</file>
        </group>
    </open-files>
</project-private>
